Colors,MSE
5,595.6976685082873
20,158.03284346224677
200,25.836342541436466
1000,8.898847145488029
